ZZZV0JKBWR871, https://planning.southwark.gov.uk/online-applications/applicationDetails.do?activeTab=documents&keyVal=ZZZV0JKBWR871, https://planning.southwark.gov.uk/online-applications/files/2DE261B1233DE957E0E7DC561981EBA6/pdf/19_AP_0994-Document-752248.pdf
ZZZV0JKBWR871, https://planning.southwark.gov.uk/online-applications/applicationDetails.do?activeTab=documents&keyVal=ZZZV0JKBWR871, https://planning.southwark.gov.uk/online-applications/files/916A2FF043CFACA8946874BE169B362C/pdf/19_AP_0994-Viability_Report-762933.pdf
ZZZV0JKBWR891, https://planning.southwark.gov.uk/online-applications/applicationDetails.do?activeTab=documents&keyVal=ZZZV0JKBWR891, https://planning.southwark.gov.uk/online-applications/files/BB61021B1C4D126DE159C812CF59951E/pdf/19_AP_0830-Viability_Report-723354.pdf
ZZZV0JKBWR961, https://planning.southwark.gov.uk/online-applications/applicationDetails.do?activeTab=documents&keyVal=ZZZV0JKBWR961, https://planning.southwark.gov.uk/online-applications/files/850F2942663DECC9237CCD046BA54EC1/pdf/19_AP_1867-Viability_Report-745383.pdf
ZZZV0KKBWR082, https://planning.southwark.gov.uk/online-applications/applicationDetails.do?activeTab=documents&keyVal=ZZZV0KKBWR082, https://planning.southwark.gov.uk/online-applications/files/5E5F5FE890BFFABA29FF30857E11E5C7/pdf/19_AP_1710-Document-766301.pdf
ZZZV0KKBWR322, https://planning.southwark.gov.uk/online-applications/applicationDetails.do?activeTab=documents&keyVal=ZZZV0KKBWR322, https://planning.southwark.gov.uk/online-applications/files/D7D66164DEDDD0BEB33ED03A8C0F00A9/pdf/19_AP_1841-Viability_Report-729114.pdf
ZZZV0KKBWR572, https://planning.southwark.gov.uk/online-applications/applicationDetails.do?activeTab=documents&keyVal=ZZZV0KKBWR572, https://planning.southwark.gov.uk/online-applications/files/3CA536CD96DEF98034DD1F1B10543396/pdf/19_AP_1189-Document-731309.pdf
ZZZV0KKBWR826, https://planning.southwark.gov.uk/online-applications/applicationDetails.do?activeTab=documents&keyVal=ZZZV0KKBWR826, https://planning.southwark.gov.uk/online-applications/files/CE0686F4CA81B1802AE7F245310151E0/pdf/19_AP_1239-Viability_Report-730254.pdf
ZZZV0LKBWR299, https://planning.southwark.gov.uk/online-applications/applicationDetails.do?activeTab=documents&keyVal=ZZZV0LKBWR299, https://planning.southwark.gov.uk/online-applications/files/F72CF821C47CA5B517F371B57AD09F27/pdf/19_AP_0469-Viability_Report-724930.pdf
ZZZV0LKBWR432, https://planning.southwark.gov.uk/online-applications/applicationDetails.do?activeTab=documents&keyVal=ZZZV0LKBWR432, https://planning.southwark.gov.uk/online-applications/files/7050F6AAEF3EE63C4821C2A22A791B68/pdf/19_AP_0084-Viability_Report-752798.pdf
ZZZV0LKBWR489, https://planning.southwark.gov.uk/online-applications/applicationDetails.do?activeTab=documents&keyVal=ZZZV0LKBWR489, https://planning.southwark.gov.uk/online-applications/files/EA4E87215E9B4DC5ED08391E4DA10D2A/pdf/19_AP_1612-Document-777394.pdf
ZZZV0LKBWR585, https://planning.southwark.gov.uk/online-applications/applicationDetails.do?activeTab=documents&keyVal=ZZZV0LKBWR585, https://planning.southwark.gov.uk/online-applications/files/4D3E1B2A820BC5A81760EEABEB75D32A/pdf/19_AP_1829-Viability_Report-758314.pdf
ZZZV0LKBWR656, https://planning.southwark.gov.uk/online-applications/applicationDetails.do?activeTab=documents&keyVal=ZZZV0LKBWR656, https://planning.southwark.gov.uk/online-applications/files/C115F3CC401CEE2F9E5466D4F50A4B8C/pdf/19_AP_0480-Viability_Report-758957.pdf
ZZZV0LKBWR867, https://planning.southwark.gov.uk/online-applications/applicationDetails.do?activeTab=documents&keyVal=ZZZV0LKBWR867, https://planning.southwark.gov.uk/online-applications/files/E6D422A5FFEC4F857D4C8DCAD61F1592/pdf/18_AP_4052-Viability_Report-721486.pdf
ZZZV0LKBWR896, https://planning.southwark.gov.uk/online-applications/applicationDetails.do?activeTab=documents&keyVal=ZZZV0LKBWR896, https://planning.southwark.gov.uk/online-applications/files/8B223D02FE5EBAD376B96698DCC80AFE/pdf/18_AP_3246-Viability_Report-734791.pdf
ZZZV0LKBWR896, https://planning.southwark.gov.uk/online-applications/applicationDetails.do?activeTab=documents&keyVal=ZZZV0LKBWR896, https://planning.southwark.gov.uk/online-applications/files/4D20F424521BFAF9BA1B7E30FBD41999/pdf/18_AP_3246-Viability_Report-749222.pdf
ZZZV0LKBWR896, https://planning.southwark.gov.uk/online-applications/applicationDetails.do?activeTab=documents&keyVal=ZZZV0LKBWR896, https://planning.southwark.gov.uk/online-applications/files/47587E7DBD93A3DE4782EC9B2F0D8487/pdf/18_AP_3246-Viability_Report-752692.pdf
ZZZV0LKBWR896, https://planning.southwark.gov.uk/online-applications/applicationDetails.do?activeTab=documents&keyVal=ZZZV0LKBWR896, https://planning.southwark.gov.uk/online-applications/files/2A958831EF9BE6C28510FDFD41279031/pdf/18_AP_3246-Viability_Report-768152.pdf
ZZZV0LKBWR896, https://planning.southwark.gov.uk/online-applications/applicationDetails.do?activeTab=documents&keyVal=ZZZV0LKBWR896, https://planning.southwark.gov.uk/online-applications/files/1E009510717FE07A1C73B0B717DC73BC/pdf/18_AP_3246-Viability_Report-533604.pdf
ZZZV0MKBWR479, https://planning.southwark.gov.uk/online-applications/applicationDetails.do?activeTab=documents&keyVal=ZZZV0MKBWR479, https://planning.southwark.gov.uk/online-applications/files/9DF0CB90B99766740D57DA8861692F47/pdf/18_AP_2895-VIABLITY_REVIEW_JULY_2019-798951.pdf
ZZZV0MKBWR479, https://planning.southwark.gov.uk/online-applications/applicationDetails.do?activeTab=documents&keyVal=ZZZV0MKBWR479, https://planning.southwark.gov.uk/online-applications/files/AAF6A78F6EC1B0C5C0455940B0C41668/pdf/18_AP_2895-Viability_Report-724834.pdf
ZZZV0MKBWR479, https://planning.southwark.gov.uk/online-applications/applicationDetails.do?activeTab=documents&keyVal=ZZZV0MKBWR479, https://planning.southwark.gov.uk/online-applications/files/79E044DCDC075BA4080E564C18C3FC1F/pdf/18_AP_2895-Viability_Report-741788.pdf
ZZZV0MKBWR479, https://planning.southwark.gov.uk/online-applications/applicationDetails.do?activeTab=documents&keyVal=ZZZV0MKBWR479, https://planning.southwark.gov.uk/online-applications/files/182CBEF29E204985DDCF98DAA3DE79F0/pdf/18_AP_2895-Document-486212.pdf
ZZZV0MKBWR537, https://planning.southwark.gov.uk/online-applications/applicationDetails.do?activeTab=documents&keyVal=ZZZV0MKBWR537, https://planning.southwark.gov.uk/online-applications/files/3CED3875E57B19BECB588DE78510046E/pdf/18_AP_2942-Viability_Report-615495.pdf
ZZZV0MKBWR618, https://planning.southwark.gov.uk/online-applications/applicationDetails.do?activeTab=documents&keyVal=ZZZV0MKBWR618, https://planning.southwark.gov.uk/online-applications/files/DF6268BAE83F07D3F9AEA4C21A0F0C47/pdf/19_AP_1773-Viability_Report-728926.pdf
ZZZV0NKBWR408, https://planning.southwark.gov.uk/online-applications/applicationDetails.do?activeTab=documents&keyVal=ZZZV0NKBWR408, https://planning.southwark.gov.uk/online-applications/files/5E9F809DDEFD292EEEC8AE942EF824AF/pdf/18_AP_3167-Viability_Report-563286.pdf
ZZZV0NKBWR681, https://planning.southwark.gov.uk/online-applications/applicationDetails.do?activeTab=documents&keyVal=ZZZV0NKBWR681, https://planning.southwark.gov.uk/online-applications/files/CCDB95552B6633B218B9BBA4A0C4AC5D/pdf/18_AP_2761-Viability_Report-759597.pdf
ZZZV0NKBWR681, https://planning.southwark.gov.uk/online-applications/applicationDetails.do?activeTab=documents&keyVal=ZZZV0NKBWR681, https://planning.southwark.gov.uk/online-applications/files/BC79AE5D0E93F6A12F69833B5B5E908F/pdf/18_AP_2761-Viability_Report-571840.pdf
ZZZV0NKBWR718, https://planning.southwark.gov.uk/online-applications/applicationDetails.do?activeTab=documents&keyVal=ZZZV0NKBWR718, https://planning.southwark.gov.uk/online-applications/files/36B8723BAC6DBEA2E639D0E8E122845D/pdf/18_AP_3284-Viability_Report-488371.pdf
ZZZV0NKBWR746, https://planning.southwark.gov.uk/online-applications/applicationDetails.do?activeTab=documents&keyVal=ZZZV0NKBWR746, https://planning.southwark.gov.uk/online-applications/files/46250B2217DDFA43B7053820B72E9D85/pdf/18_AP_2497-Document-690747.pdf
ZZZV0NKBWR797, https://planning.southwark.gov.uk/online-applications/applicationDetails.do?activeTab=documents&keyVal=ZZZV0NKBWR797, https://planning.southwark.gov.uk/online-applications/files/48AE6B8F2112D5581925633B0772D077/pdf/18_AP_2238-Viability_Report-507781.pdf
ZZZV0NKBWR928, https://planning.southwark.gov.uk/online-applications/applicationDetails.do?activeTab=documents&keyVal=ZZZV0NKBWR928, https://planning.southwark.gov.uk/online-applications/files/544F3FD1F55ACCCA65AC06D85DAD7D67/pdf/18_AP_2295-Viability_Report-745611.pdf
ZZZV0NKBWR928, https://planning.southwark.gov.uk/online-applications/applicationDetails.do?activeTab=documents&keyVal=ZZZV0NKBWR928, https://planning.southwark.gov.uk/online-applications/files/5B6E21695EDBF94747A7589D271CA5BA/pdf/18_AP_2295-Viability_Report-460339.pdf
ZZZV0OKBWR414, https://planning.southwark.gov.uk/online-applications/applicationDetails.do?activeTab=documents&keyVal=ZZZV0OKBWR414, https://planning.southwark.gov.uk/online-applications/files/7DD74AFDDBEAEE5CD23E55E697521959/pdf/18_AP_3551-Viability_Report-728855.pdf
ZZZV0OKBWR414, https://planning.southwark.gov.uk/online-applications/applicationDetails.do?activeTab=documents&keyVal=ZZZV0OKBWR414, https://planning.southwark.gov.uk/online-applications/files/080C78140099F4E189218F552BEA676D/pdf/18_AP_3551-Viability_Report-729524.pdf
ZZZV0OKBWR414, https://planning.southwark.gov.uk/online-applications/applicationDetails.do?activeTab=documents&keyVal=ZZZV0OKBWR414, https://planning.southwark.gov.uk/online-applications/files/BEB4F6DD8E9DD45DF46AE9F5E2889D27/pdf/18_AP_3551-Viability_Report-731364.pdf
ZZZV0OKBWR414, https://planning.southwark.gov.uk/online-applications/applicationDetails.do?activeTab=documents&keyVal=ZZZV0OKBWR414, https://planning.southwark.gov.uk/online-applications/files/9BD50B42B727CAC586E2AC6150FD1F97/pdf/18_AP_3551-Viability_Report-757035.pdf
ZZZV0OKBWR414, https://planning.southwark.gov.uk/online-applications/applicationDetails.do?activeTab=documents&keyVal=ZZZV0OKBWR414, https://planning.southwark.gov.uk/online-applications/files/D8248133B09998764E6C763CB82E1D80/pdf/18_AP_3551-Viability_Report-761627.pdf
ZZZV0OKBWR414, https://planning.southwark.gov.uk/online-applications/applicationDetails.do?activeTab=documents&keyVal=ZZZV0OKBWR414, https://planning.southwark.gov.uk/online-applications/files/265323679C9158FDCC63B1F20F247864/pdf/18_AP_3551-Viability_Report-775353.pdf
ZZZV0OKBWR414, https://planning.southwark.gov.uk/online-applications/applicationDetails.do?activeTab=documents&keyVal=ZZZV0OKBWR414, https://planning.southwark.gov.uk/online-applications/files/C4977382A001C069092129ACD36287AD/pdf/18_AP_3551-Viability_Report-779113.pdf
ZZZV0OKBWR414, https://planning.southwark.gov.uk/online-applications/applicationDetails.do?activeTab=documents&keyVal=ZZZV0OKBWR414, https://planning.southwark.gov.uk/online-applications/files/C52E4FDBF2D70D199424FA3359654528/pdf/18_AP_3551-Viability_Report-693216.pdf
ZZZV0OKBWR470, https://planning.southwark.gov.uk/online-applications/applicationDetails.do?activeTab=documents&keyVal=ZZZV0OKBWR470, https://planning.southwark.gov.uk/online-applications/files/303EED21D9FA2CA02B8EA89F4F4C2321/pdf/18_AP_1878-Document-773882.pdf
ZZZV0OKBWR470, https://planning.southwark.gov.uk/online-applications/applicationDetails.do?activeTab=documents&keyVal=ZZZV0OKBWR470, https://planning.southwark.gov.uk/online-applications/files/8CC1332F777D967E53F280ACE484C355/pdf/18_AP_1878-Viability_Report-696601.pdf
ZZZV0OKBWR742, https://planning.southwark.gov.uk/online-applications/applicationDetails.do?activeTab=documents&keyVal=ZZZV0OKBWR742, https://planning.southwark.gov.uk/online-applications/files/6FA5B34DDC964E95C17B7A62DE324267/pdf/18_AP_2606-Viability_Report-777239.pdf
ZZZV0PKBWR207, https://planning.southwark.gov.uk/online-applications/applicationDetails.do?activeTab=documents&keyVal=ZZZV0PKBWR207, https://planning.southwark.gov.uk/online-applications/files/122989564D93EE5C1A52D06E421332B9/pdf/18_AP_0900-Viability_Report-747403.pdf
ZZZV0PKBWR207, https://planning.southwark.gov.uk/online-applications/applicationDetails.do?activeTab=documents&keyVal=ZZZV0PKBWR207, https://planning.southwark.gov.uk/online-applications/files/9803D41B4D7381C9821E5925F3BDA3F5/pdf/18_AP_0900-Viability_Report-773093.pdf
ZZZV0PKBWR207, https://planning.southwark.gov.uk/online-applications/applicationDetails.do?activeTab=documents&keyVal=ZZZV0PKBWR207, https://planning.southwark.gov.uk/online-applications/files/EC03F25D8B4E444EC7E9C196BF5B83B7/pdf/18_AP_0900-Viability_Report-682470.pdf
ZZZV0PKBWR207, https://planning.southwark.gov.uk/online-applications/applicationDetails.do?activeTab=documents&keyVal=ZZZV0PKBWR207, https://planning.southwark.gov.uk/online-applications/files/D7E2B7D579EE381157E95972DB5D37CF/pdf/18_AP_0900-Viability_Report-531872.pdf
ZZZV0PKBWR220, https://planning.southwark.gov.uk/online-applications/applicationDetails.do?activeTab=documents&keyVal=ZZZV0PKBWR220, https://planning.southwark.gov.uk/online-applications/files/1FEEFFCA6C40A65D8003316172C4121A/pdf/18_AP_0897-Document-627929.pdf
ZZZV0PKBWR220, https://planning.southwark.gov.uk/online-applications/applicationDetails.do?activeTab=documents&keyVal=ZZZV0PKBWR220, https://planning.southwark.gov.uk/online-applications/files/2E88218481B08CD36876E8AC309727F8/pdf/18_AP_0897-Document-585561.pdf
ZZZV0PKBWR220, https://planning.southwark.gov.uk/online-applications/applicationDetails.do?activeTab=documents&keyVal=ZZZV0PKBWR220, https://planning.southwark.gov.uk/online-applications/files/AD9F50C0A835A4697601C401A59D6699/pdf/18_AP_0897-Document-631982.pdf
ZZZV0PKBWR222, https://planning.southwark.gov.uk/online-applications/applicationDetails.do?activeTab=documents&keyVal=ZZZV0PKBWR222, https://planning.southwark.gov.uk/online-applications/files/EB17322B24FEB8C8BF7F72EC3A73281B/pdf/18_AP_0890-Document-620146.pdf
ZZZV0PKBWR258, https://planning.southwark.gov.uk/online-applications/applicationDetails.do?activeTab=documents&keyVal=ZZZV0PKBWR258, https://planning.southwark.gov.uk/online-applications/files/755AB2AE4046BD6B53DB463C260E2404/pdf/18_AP_1603-Viability_Report-552335.pdf
ZZZV0PKBWR434, https://planning.southwark.gov.uk/online-applications/applicationDetails.do?activeTab=documents&keyVal=ZZZV0PKBWR434, https://planning.southwark.gov.uk/online-applications/files/40663F0E7A24BBB6C1AFECBB74ACA338/pdf/18_AP_0737-Viability_Report-661093.pdf
ZZZV0PKBWR434, https://planning.southwark.gov.uk/online-applications/applicationDetails.do?activeTab=documents&keyVal=ZZZV0PKBWR434, https://planning.southwark.gov.uk/online-applications/files/525524319B0B905D87FAAA80B97F3231/pdf/18_AP_0737-Viability_Report-491224.pdf
ZZZV0PKBWR434, https://planning.southwark.gov.uk/online-applications/applicationDetails.do?activeTab=documents&keyVal=ZZZV0PKBWR434, https://planning.southwark.gov.uk/online-applications/files/21282BCC593166416C382BDF7B959BBC/pdf/18_AP_0737-Viability_Report-551557.pdf
ZZZV0PKBWR434, https://planning.southwark.gov.uk/online-applications/applicationDetails.do?activeTab=documents&keyVal=ZZZV0PKBWR434, https://planning.southwark.gov.uk/online-applications/files/5767582DA85B30FFB5F00CBCA66064AF/pdf/18_AP_0737-Viability_Report-555512.pdf
ZZZV0PKBWR434, https://planning.southwark.gov.uk/online-applications/applicationDetails.do?activeTab=documents&keyVal=ZZZV0PKBWR434, https://planning.southwark.gov.uk/online-applications/files/702FA9DAA80C9959D64B05AD7204C482/pdf/18_AP_0737-Viability_Report-624393.pdf
ZZZV0PKBWR434, https://planning.southwark.gov.uk/online-applications/applicationDetails.do?activeTab=documents&keyVal=ZZZV0PKBWR434, https://planning.southwark.gov.uk/online-applications/files/21D0E173D3C83658BEB86856389C005C/pdf/18_AP_0737-Viability_Report-634702.pdf
ZZZV0PKBWR434, https://planning.southwark.gov.uk/online-applications/applicationDetails.do?activeTab=documents&keyVal=ZZZV0PKBWR434, https://planning.southwark.gov.uk/online-applications/files/7B68698A3D2355D35BF52AFFD5068922/pdf/18_AP_0737-Viability_Report-493060.pdf
ZZZV0PKBWR434, https://planning.southwark.gov.uk/online-applications/applicationDetails.do?activeTab=documents&keyVal=ZZZV0PKBWR434, https://planning.southwark.gov.uk/online-applications/files/36B6D53C722A1F26670E2187939C6BDC/pdf/18_AP_0737-Viability_Report-566631.pdf
ZZZV0PKBWR434, https://planning.southwark.gov.uk/online-applications/applicationDetails.do?activeTab=documents&keyVal=ZZZV0PKBWR434, https://planning.southwark.gov.uk/online-applications/files/6AA4DF0596D4BFAFA2AABC93BC2397AF/pdf/18_AP_0737-Viability_Report-718157.pdf
ZZZV0PKBWR660, https://planning.southwark.gov.uk/online-applications/applicationDetails.do?activeTab=documents&keyVal=ZZZV0PKBWR660, https://planning.southwark.gov.uk/online-applications/files/1195BEDAEF4ACC97A4E22B0765779D55/pdf/18_AP_2121-Viability_Report-611661.pdf
ZZZV0PKBWR972, https://planning.southwark.gov.uk/online-applications/applicationDetails.do?activeTab=documents&keyVal=ZZZV0PKBWR972, https://planning.southwark.gov.uk/online-applications/files/DFE5A884DD4B12D02F51A65700127F97/pdf/18_AP_1049-Viability_Report-668815.pdf
ZZZV0PKBWR972, https://planning.southwark.gov.uk/online-applications/applicationDetails.do?activeTab=documents&keyVal=ZZZV0PKBWR972, https://planning.southwark.gov.uk/online-applications/files/628B60F6F6648BC0BED956031A14C507/pdf/18_AP_1049-Viability_Report-527924.pdf
ZZZV0PKBWR972, https://planning.southwark.gov.uk/online-applications/applicationDetails.do?activeTab=documents&keyVal=ZZZV0PKBWR972, https://planning.southwark.gov.uk/online-applications/files/8BD4C6551B156D2D8789FC1556C03C82/pdf/18_AP_1049-Viability_Report-457382.pdf
ZZZV0PKBWR972, https://planning.southwark.gov.uk/online-applications/applicationDetails.do?activeTab=documents&keyVal=ZZZV0PKBWR972, https://planning.southwark.gov.uk/online-applications/files/B0DF7FAD57C765629715EFE7CE827406/pdf/18_AP_1049-Viability_Report-492608.pdf
ZZZV0QKBWR376, https://planning.southwark.gov.uk/online-applications/applicationDetails.do?activeTab=documents&keyVal=ZZZV0QKBWR376, https://planning.southwark.gov.uk/online-applications/files/07463678C879FDA85AB2460BF3FEDCF5/pdf/18_AP_0196-VIABILILITY_EXECUTIVE_SUMMARY-797562.pdf
ZZZV0QKBWR376, https://planning.southwark.gov.uk/online-applications/applicationDetails.do?activeTab=documents&keyVal=ZZZV0QKBWR376, https://planning.southwark.gov.uk/online-applications/files/5EF33C103433D43195A3B862DD7103DC/pdf/18_AP_0196-APPRAISAL_SUMMARY-797563.pdf
ZZZV0QKBWR376, https://planning.southwark.gov.uk/online-applications/applicationDetails.do?activeTab=documents&keyVal=ZZZV0QKBWR376, https://planning.southwark.gov.uk/online-applications/files/EFEC4A834D1DCDD93EA76765EEFD15FD/pdf/18_AP_0196-ECONOMIC_VIABILITY_REPORT-797564.pdf
ZZZV0QKBWR376, https://planning.southwark.gov.uk/online-applications/applicationDetails.do?activeTab=documents&keyVal=ZZZV0QKBWR376, https://planning.southwark.gov.uk/online-applications/files/0452FF0705131E9354B21093D3CA2B87/pdf/18_AP_0196-Viability_Report-726882.pdf
ZZZV0QKBWR376, https://planning.southwark.gov.uk/online-applications/applicationDetails.do?activeTab=documents&keyVal=ZZZV0QKBWR376, https://planning.southwark.gov.uk/online-applications/files/403904F7B7F90A41C1A6C1943D549E61/pdf/18_AP_0196-Viability_Report-661658.pdf
ZZZV0QKBWR377, https://planning.southwark.gov.uk/online-applications/applicationDetails.do?activeTab=documents&keyVal=ZZZV0QKBWR377, https://planning.southwark.gov.uk/online-applications/files/511A2AC659203A1DE9C453C94B9C712E/pdf/17_AP_4612-Viability_Report-706579.pdf
ZZZV0QKBWR388, https://planning.southwark.gov.uk/online-applications/applicationDetails.do?activeTab=documents&keyVal=ZZZV0QKBWR388, https://planning.southwark.gov.uk/online-applications/files/1AD36C31C9DE0EC8EE13600BE827DE84/pdf/17_AP_4797-Viability_Report-479901.pdf
ZZZV0QKBWR388, https://planning.southwark.gov.uk/online-applications/applicationDetails.do?activeTab=documents&keyVal=ZZZV0QKBWR388, https://planning.southwark.gov.uk/online-applications/files/32CEE0AE82E0709059DCD0E73E2EC43D/pdf/17_AP_4797-Viability_Report-493446.pdf
ZZZV0QKBWR388, https://planning.southwark.gov.uk/online-applications/applicationDetails.do?activeTab=documents&keyVal=ZZZV0QKBWR388, https://planning.southwark.gov.uk/online-applications/files/71DC062F02E4661D28578A17FB03BD5C/pdf/17_AP_4797-Viability_Report-504524.pdf
ZZZV0QKBWR388, https://planning.southwark.gov.uk/online-applications/applicationDetails.do?activeTab=documents&keyVal=ZZZV0QKBWR388, https://planning.southwark.gov.uk/online-applications/files/3C1909C0FAAB40AC5FDB6AD3000120A7/pdf/17_AP_4797-Viability_Report-572149.pdf
ZZZV0QKBWR388, https://planning.southwark.gov.uk/online-applications/applicationDetails.do?activeTab=documents&keyVal=ZZZV0QKBWR388, https://planning.southwark.gov.uk/online-applications/files/E5726FC0AC92AEA41109BAB790A88AB7/pdf/17_AP_4797-Viability_Report-626337.pdf
ZZZV0QKBWR388, https://planning.southwark.gov.uk/online-applications/applicationDetails.do?activeTab=documents&keyVal=ZZZV0QKBWR388, https://planning.southwark.gov.uk/online-applications/files/35AF951620DE3F6EDE25309A10B813CF/pdf/17_AP_4797-Viability_Report-707514.pdf
ZZZV0QKBWR388, https://planning.southwark.gov.uk/online-applications/applicationDetails.do?activeTab=documents&keyVal=ZZZV0QKBWR388, https://planning.southwark.gov.uk/online-applications/files/3262FDE684EFD65741F68CFC39B6F1EB/pdf/17_AP_4797-Viability_Report-559927.pdf
ZZZV0QKBWR388, https://planning.southwark.gov.uk/online-applications/applicationDetails.do?activeTab=documents&keyVal=ZZZV0QKBWR388, https://planning.southwark.gov.uk/online-applications/files/F46B8B9F0556817060CAEAC8A6C4DD83/pdf/17_AP_4797-Viability_Report-597390.pdf
ZZZV0QKBWR807, https://planning.southwark.gov.uk/online-applications/applicationDetails.do?activeTab=documents&keyVal=ZZZV0QKBWR807, https://planning.southwark.gov.uk/online-applications/files/4D43C7AFA7EFA7687B620FDB5756039A/pdf/18_AP_0156-Viability_Report-612934.pdf
ZZZV0QKBWR807, https://planning.southwark.gov.uk/online-applications/applicationDetails.do?activeTab=documents&keyVal=ZZZV0QKBWR807, https://planning.southwark.gov.uk/online-applications/files/80F7DB2F3B50198C58BBD96CE151F737/pdf/18_AP_0156-Viability_Report-673394.pdf
ZZZV0QKBWR901, https://planning.southwark.gov.uk/online-applications/applicationDetails.do?activeTab=documents&keyVal=ZZZV0QKBWR901, https://planning.southwark.gov.uk/online-applications/files/F01F00A5811E982608E5D7B7BCC00F58/pdf/17_AP_3846-Viability_Report-508987.pdf
ZZZV0QKBWR901, https://planning.southwark.gov.uk/online-applications/applicationDetails.do?activeTab=documents&keyVal=ZZZV0QKBWR901, https://planning.southwark.gov.uk/online-applications/files/E9BD367962E7D937B772EC24803A0B0D/pdf/17_AP_3846-Viability_Report-549892.pdf
ZZZV0QKBWR901, https://planning.southwark.gov.uk/online-applications/applicationDetails.do?activeTab=documents&keyVal=ZZZV0QKBWR901, https://planning.southwark.gov.uk/online-applications/files/4EFB01AE3400DE36E335BDF23B265BAE/pdf/17_AP_3846-Viability_Report-580819.pdf
ZZZV0QKBWR901, https://planning.southwark.gov.uk/online-applications/applicationDetails.do?activeTab=documents&keyVal=ZZZV0QKBWR901, https://planning.southwark.gov.uk/online-applications/files/544EA854D087D45D53E0BB5939845661/pdf/17_AP_3846-Viability_Report-703815.pdf
ZZZV0QKBWR951, https://planning.southwark.gov.uk/online-applications/applicationDetails.do?activeTab=documents&keyVal=ZZZV0QKBWR951, https://planning.southwark.gov.uk/online-applications/files/F3ED1156C82E1A266FFBB88B8ACBAE7C/pdf/17_AP_4819-Document-660630.pdf
ZZZV0QKBWR951, https://planning.southwark.gov.uk/online-applications/applicationDetails.do?activeTab=documents&keyVal=ZZZV0QKBWR951, https://planning.southwark.gov.uk/online-applications/files/6C4C4D43F773AAFF72725328FD40A89B/pdf/17_AP_4819-Viability_Report-661415.pdf
ZZZV0RKBWR380, https://planning.southwark.gov.uk/online-applications/applicationDetails.do?activeTab=documents&keyVal=ZZZV0RKBWR380, https://planning.southwark.gov.uk/online-applications/files/CAE57337C06F50DDB5EB3B23E23BA2B8/pdf/17_AP_4508-Viability_Report-747545.pdf
ZZZV0RKBWR380, https://planning.southwark.gov.uk/online-applications/applicationDetails.do?activeTab=documents&keyVal=ZZZV0RKBWR380, https://planning.southwark.gov.uk/online-applications/files/858BF16EC0E11284E13F3E99C1187E29/pdf/17_AP_4508-Viability_Report-784243.pdf
ZZZV0RKBWR380, https://planning.southwark.gov.uk/online-applications/applicationDetails.do?activeTab=documents&keyVal=ZZZV0RKBWR380, https://planning.southwark.gov.uk/online-applications/files/A4D842CCEBE8338EC546506DA514F278/pdf/17_AP_4508-Viability_Report-737974.pdf
ZZZV0RKBWR380, https://planning.southwark.gov.uk/online-applications/applicationDetails.do?activeTab=documents&keyVal=ZZZV0RKBWR380, https://planning.southwark.gov.uk/online-applications/files/5DD5D3C53D418F6A07D4BC9389995A30/pdf/17_AP_4508-Viability_Report-751431.pdf
ZZZV0RKBWR787, https://planning.southwark.gov.uk/online-applications/applicationDetails.do?activeTab=documents&keyVal=ZZZV0RKBWR787, https://planning.southwark.gov.uk/online-applications/files/F988B3A34F00ADF29855A68019BE7156/pdf/17_AP_3910-Viability_Report-605877.pdf
ZZZV0RKBWR787, https://planning.southwark.gov.uk/online-applications/applicationDetails.do?activeTab=documents&keyVal=ZZZV0RKBWR787, https://planning.southwark.gov.uk/online-applications/files/877721A494FB32921AA433A9C383FFCC/pdf/17_AP_3910-Viability_Report-462274.pdf
ZZZV0RKBWR787, https://planning.southwark.gov.uk/online-applications/applicationDetails.do?activeTab=documents&keyVal=ZZZV0RKBWR787, https://planning.southwark.gov.uk/online-applications/files/36BC764A497B3F93C7E55434F6B3509B/pdf/17_AP_3910-Viability_Report-703701.pdf
ZZZV0RKBWR806, https://planning.southwark.gov.uk/online-applications/applicationDetails.do?activeTab=documents&keyVal=ZZZV0RKBWR806, https://planning.southwark.gov.uk/online-applications/files/815FC5C1E4EACC0B24C37CD4A3840410/pdf/18_AP_0091-Viability_Report-751144.pdf
ZZZV0RKBWR806, https://planning.southwark.gov.uk/online-applications/applicationDetails.do?activeTab=documents&keyVal=ZZZV0RKBWR806, https://planning.southwark.gov.uk/online-applications/files/C8183C854706B980AC8FA309B223F437/pdf/18_AP_0091-Viability_Report-646861.pdf
ZZZV0RKBWR913, https://planning.southwark.gov.uk/online-applications/applicationDetails.do?activeTab=documents&keyVal=ZZZV0RKBWR913, https://planning.southwark.gov.uk/online-applications/files/FE15E3E96B3BFAD932F38523649FD192/pdf/17_AP_4088-Viability_Report-725622.pdf
ZZZV0RKBWR913, https://planning.southwark.gov.uk/online-applications/applicationDetails.do?activeTab=documents&keyVal=ZZZV0RKBWR913, https://planning.southwark.gov.uk/online-applications/files/2B028337397F240CD408CA061AF54C5C/pdf/17_AP_4088-Viability_Report-736607.pdf
ZZZV0RKBWR913, https://planning.southwark.gov.uk/online-applications/applicationDetails.do?activeTab=documents&keyVal=ZZZV0RKBWR913, https://planning.southwark.gov.uk/online-applications/files/E88C236459F5A4A557FD9A3B714582C0/pdf/17_AP_4088-Viability_Report-765360.pdf
ZZZV0RKBWR913, https://planning.southwark.gov.uk/online-applications/applicationDetails.do?activeTab=documents&keyVal=ZZZV0RKBWR913, https://planning.southwark.gov.uk/online-applications/files/04ECDB232DCF3F6D9D70DDA4B6E19F36/pdf/17_AP_4088-Viability_Report-773485.pdf
ZZZV0SKBWR413, https://planning.southwark.gov.uk/online-applications/applicationDetails.do?activeTab=documents&keyVal=ZZZV0SKBWR413, https://planning.southwark.gov.uk/online-applications/files/26E4A7B618E19ED1EA27CC47BE8C7038/pdf/17_AP_4596-Viability_Report-505100.pdf
ZZZV0SKBWR413, https://planning.southwark.gov.uk/online-applications/applicationDetails.do?activeTab=documents&keyVal=ZZZV0SKBWR413, https://planning.southwark.gov.uk/online-applications/files/D520AFB6ABC60D8162F13B25B3315DC0/pdf/17_AP_4596-Viability_Report-613691.pdf
ZZZV0SKBWR413, https://planning.southwark.gov.uk/online-applications/applicationDetails.do?activeTab=documents&keyVal=ZZZV0SKBWR413, https://planning.southwark.gov.uk/online-applications/files/01BFDA13CF9AE8E1B0634E28BF029A6B/pdf/17_AP_4596-Viability_Report-664306.pdf
ZZZV0SKBWR413, https://planning.southwark.gov.uk/online-applications/applicationDetails.do?activeTab=documents&keyVal=ZZZV0SKBWR413, https://planning.southwark.gov.uk/online-applications/files/9A53AAF756FBFE8297E0B74C2F9A26CC/pdf/17_AP_4596-Viability_Report-687438.pdf
ZZZV0SKBWR413, https://planning.southwark.gov.uk/online-applications/applicationDetails.do?activeTab=documents&keyVal=ZZZV0SKBWR413, https://planning.southwark.gov.uk/online-applications/files/F46BEC6680F6BCFE067337C0DBF54FE4/pdf/17_AP_4596-Viability_Report-460065.pdf
ZZZV0SKBWR413, https://planning.southwark.gov.uk/online-applications/applicationDetails.do?activeTab=documents&keyVal=ZZZV0SKBWR413, https://planning.southwark.gov.uk/online-applications/files/9C354A8839E175BA9B07E91EF5980E9F/pdf/17_AP_4596-Viability_Report-503032.pdf
ZZZV0SKBWR962, https://planning.southwark.gov.uk/online-applications/applicationDetails.do?activeTab=documents&keyVal=ZZZV0SKBWR962, https://planning.southwark.gov.uk/online-applications/files/0C52F909B09C40543C8BEE2CC1811978/pdf/17_AP_3757-Viability_Report-609790.pdf
ZZZV0TKBWR233, https://planning.southwark.gov.uk/online-applications/applicationDetails.do?activeTab=documents&keyVal=ZZZV0TKBWR233, https://planning.southwark.gov.uk/online-applications/files/AB5ED4A37C250DB5333E21AA5C8A44AA/pdf/17_AP_1314-Appeal_statement__appellant-721438.pdf
ZZZV0TKBWR233, https://planning.southwark.gov.uk/online-applications/applicationDetails.do?activeTab=documents&keyVal=ZZZV0TKBWR233, https://planning.southwark.gov.uk/online-applications/files/5404208759F2ADD9BA1C5ECF4A6163BA/pdf/17_AP_1314-Appeal_statement__appellant-760028.pdf
ZZZV0TKBWR233, https://planning.southwark.gov.uk/online-applications/applicationDetails.do?activeTab=documents&keyVal=ZZZV0TKBWR233, https://planning.southwark.gov.uk/online-applications/files/62B0F30A44BFF4B3B5BEC2EA2DB52093/pdf/17_AP_1314-Appeal_statement__appellant-777124.pdf
ZZZV0TKBWR233, https://planning.southwark.gov.uk/online-applications/applicationDetails.do?activeTab=documents&keyVal=ZZZV0TKBWR233, https://planning.southwark.gov.uk/online-applications/files/69827A9E3F9DFF775FD0F5FDF08EF2C5/pdf/17_AP_1314-Viability_Report-456133.pdf
ZZZV0TKBWR233, https://planning.southwark.gov.uk/online-applications/applicationDetails.do?activeTab=documents&keyVal=ZZZV0TKBWR233, https://planning.southwark.gov.uk/online-applications/files/84D6A7A97A85489ABC91B64FFEC92B6F/pdf/17_AP_1314-Viability_Report-574571.pdf
ZZZV0TKBWR233, https://planning.southwark.gov.uk/online-applications/applicationDetails.do?activeTab=documents&keyVal=ZZZV0TKBWR233, https://planning.southwark.gov.uk/online-applications/files/45DCE7C1ECBA5339D37D34ECA8BC0B72/pdf/17_AP_1314-Viability_Report-651831.pdf
ZZZV0TKBWR233, https://planning.southwark.gov.uk/online-applications/applicationDetails.do?activeTab=documents&keyVal=ZZZV0TKBWR233, https://planning.southwark.gov.uk/online-applications/files/AE2174B06AE39587377A21B482659682/pdf/17_AP_1314-Viability_Report-653511.pdf
ZZZV0TKBWR233, https://planning.southwark.gov.uk/online-applications/applicationDetails.do?activeTab=documents&keyVal=ZZZV0TKBWR233, https://planning.southwark.gov.uk/online-applications/files/407860A974D408B4B3FF8AE6E09F902F/pdf/17_AP_1314-Viability_Report-684757.pdf
ZZZV0TKBWR233, https://planning.southwark.gov.uk/online-applications/applicationDetails.do?activeTab=documents&keyVal=ZZZV0TKBWR233, https://planning.southwark.gov.uk/online-applications/files/006A63929E5F62EEF4339F6BA2DC59BC/pdf/17_AP_1314-Viability_Report-508964.pdf
ZZZV0TKBWR233, https://planning.southwark.gov.uk/online-applications/applicationDetails.do?activeTab=documents&keyVal=ZZZV0TKBWR233, https://planning.southwark.gov.uk/online-applications/files/3979C19529E6C3D9E7B0553892B553C0/pdf/17_AP_1314-Viability_Report-534921.pdf
ZZZV0TKBWR233, https://planning.southwark.gov.uk/online-applications/applicationDetails.do?activeTab=documents&keyVal=ZZZV0TKBWR233, https://planning.southwark.gov.uk/online-applications/files/05212651732B24BD1827F4E34DD633A4/pdf/17_AP_1314-Viability_Report-606284.pdf
ZZZV0TKBWR233, https://planning.southwark.gov.uk/online-applications/applicationDetails.do?activeTab=documents&keyVal=ZZZV0TKBWR233, https://planning.southwark.gov.uk/online-applications/files/6AD64BFA90585DF1D93043F1A49E6CE0/pdf/17_AP_1314-Viability_Report-670053.pdf
ZZZV0TKBWR352, https://planning.southwark.gov.uk/online-applications/applicationDetails.do?activeTab=documents&keyVal=ZZZV0TKBWR352, https://planning.southwark.gov.uk/online-applications/files/437259A41024886AC743FE4B4AFDD493/pdf/17_AP_4097-Document-493926.pdf
ZZZV0TKBWR440, https://planning.southwark.gov.uk/online-applications/applicationDetails.do?activeTab=documents&keyVal=ZZZV0TKBWR440, https://planning.southwark.gov.uk/online-applications/files/3F278AA67853BEDFFB2BBBEAC6F12AB0/pdf/17_AP_2330-Viability_Report-645778.pdf
ZZZV0TKBWR440, https://planning.southwark.gov.uk/online-applications/applicationDetails.do?activeTab=documents&keyVal=ZZZV0TKBWR440, https://planning.southwark.gov.uk/online-applications/files/F6239EACADED720ACA2057C7B8A9169B/pdf/17_AP_2330-Document-649951.pdf
ZZZV0TKBWR440, https://planning.southwark.gov.uk/online-applications/applicationDetails.do?activeTab=documents&keyVal=ZZZV0TKBWR440, https://planning.southwark.gov.uk/online-applications/files/D51B84BF4AFCDDD32D797209A9269E45/pdf/17_AP_2330-Viability_Report-531065.pdf
ZZZV0TKBWR440, https://planning.southwark.gov.uk/online-applications/applicationDetails.do?activeTab=documents&keyVal=ZZZV0TKBWR440, https://planning.southwark.gov.uk/online-applications/files/B5699E60EFD52386CF3E8544A444A38B/pdf/17_AP_2330-Viability_Report-641767.pdf
ZZZV0TKBWR440, https://planning.southwark.gov.uk/online-applications/applicationDetails.do?activeTab=documents&keyVal=ZZZV0TKBWR440, https://planning.southwark.gov.uk/online-applications/files/8C8C1284B665298AD4EED215EDFC04C7/pdf/17_AP_2330-Viability_Report-662552.pdf
ZZZV0TKBWR876, https://planning.southwark.gov.uk/online-applications/applicationDetails.do?activeTab=documents&keyVal=ZZZV0TKBWR876, https://planning.southwark.gov.uk/online-applications/files/A740EC569D18908F39E6271A09310A78/pdf/17_AP_4649-Viability_Report-744483.pdf
ZZZV0TKBWR876, https://planning.southwark.gov.uk/online-applications/applicationDetails.do?activeTab=documents&keyVal=ZZZV0TKBWR876, https://planning.southwark.gov.uk/online-applications/files/B2C35B065A18CD270A565BB58324AB67/pdf/17_AP_4649-Viability_Report-764490.pdf
ZZZV0TKBWR876, https://planning.southwark.gov.uk/online-applications/applicationDetails.do?activeTab=documents&keyVal=ZZZV0TKBWR876, https://planning.southwark.gov.uk/online-applications/files/AF3ECC4DD5A35B08C06F2ABA1916BECE/pdf/17_AP_4649-Viability_Report-753893.pdf
ZZZV0TKBWR876, https://planning.southwark.gov.uk/online-applications/applicationDetails.do?activeTab=documents&keyVal=ZZZV0TKBWR876, https://planning.southwark.gov.uk/online-applications/files/BD62D1700A9457A9C952758CC1011130/pdf/17_AP_4649-Viability_Report-525996.pdf
ZZZV0UKBWR988, https://planning.southwark.gov.uk/online-applications/applicationDetails.do?activeTab=documents&keyVal=ZZZV0UKBWR988, https://planning.southwark.gov.uk/online-applications/files/4EB77F1F4196B3D0B494D059913A8FEA/pdf/17_AP_0296-Viability_Report-711880.pdf
ZZZV0UKBWR988, https://planning.southwark.gov.uk/online-applications/applicationDetails.do?activeTab=documents&keyVal=ZZZV0UKBWR988, https://planning.southwark.gov.uk/online-applications/files/8FE9A02095363D3D65A831F442076923/pdf/17_AP_0296-Viability_Report-712667.pdf
ZZZV0VKBWR472, https://planning.southwark.gov.uk/online-applications/applicationDetails.do?activeTab=documents&keyVal=ZZZV0VKBWR472, https://planning.southwark.gov.uk/online-applications/files/3E8B9DF931D07AC76E99AE1FE90B47B1/pdf/17_AP_0527-Viability_Report-460311.pdf
ZZZV0VKBWR472, https://planning.southwark.gov.uk/online-applications/applicationDetails.do?activeTab=documents&keyVal=ZZZV0VKBWR472, https://planning.southwark.gov.uk/online-applications/files/4D2650825EEDAE5CA0534954A5B848CD/pdf/17_AP_0527-Viability_Report-478698.pdf
ZZZV0VKBWR904, https://planning.southwark.gov.uk/online-applications/applicationDetails.do?activeTab=documents&keyVal=ZZZV0VKBWR904, https://planning.southwark.gov.uk/online-applications/files/9AFB1C3E7B47D25985749AA9694A2D34/pdf/17_AP_0367-Viability_Report-482294.pdf
ZZZV0VKBWR904, https://planning.southwark.gov.uk/online-applications/applicationDetails.do?activeTab=documents&keyVal=ZZZV0VKBWR904, https://planning.southwark.gov.uk/online-applications/files/B071F16F43FB12FB42D766AED233DBC3/pdf/17_AP_0367-Viability_Report-521467.pdf
ZZZV0VKBWR904, https://planning.southwark.gov.uk/online-applications/applicationDetails.do?activeTab=documents&keyVal=ZZZV0VKBWR904, https://planning.southwark.gov.uk/online-applications/files/57819CD53FE572911BE6A98C19A2606D/pdf/17_AP_0367-Viability_Report-522278.pdf
ZZZV0VKBWR904, https://planning.southwark.gov.uk/online-applications/applicationDetails.do?activeTab=documents&keyVal=ZZZV0VKBWR904, https://planning.southwark.gov.uk/online-applications/files/AA2F09A3BAD092D8408B711874739EBA/pdf/17_AP_0367-Viability_Report-548045.pdf
ZZZV0VKBWR904, https://planning.southwark.gov.uk/online-applications/applicationDetails.do?activeTab=documents&keyVal=ZZZV0VKBWR904, https://planning.southwark.gov.uk/online-applications/files/2AC43108247F937E0EC8D1C128A0D44E/pdf/17_AP_0367-Viability_Report-549270.pdf
ZZZV0VKBWR904, https://planning.southwark.gov.uk/online-applications/applicationDetails.do?activeTab=documents&keyVal=ZZZV0VKBWR904, https://planning.southwark.gov.uk/online-applications/files/C3AE29C0CA0ABFC5D072612D4897AF40/pdf/17_AP_0367-Viability_Report-591586.pdf
ZZZV0VKBWR904, https://planning.southwark.gov.uk/online-applications/applicationDetails.do?activeTab=documents&keyVal=ZZZV0VKBWR904, https://planning.southwark.gov.uk/online-applications/files/E4A36917D0DEFBBB9B5DEDB18FC82CD0/pdf/17_AP_0367-Viability_Report-622782.pdf
ZZZV0VKBWR904, https://planning.southwark.gov.uk/online-applications/applicationDetails.do?activeTab=documents&keyVal=ZZZV0VKBWR904, https://planning.southwark.gov.uk/online-applications/files/986455D6A19BE56840A0589FD6518405/pdf/17_AP_0367-Viability_Report-629437.pdf
ZZZV0VKBWR904, https://planning.southwark.gov.uk/online-applications/applicationDetails.do?activeTab=documents&keyVal=ZZZV0VKBWR904, https://planning.southwark.gov.uk/online-applications/files/DC394CAB700CC6994A9D487C7BFF8C7E/pdf/17_AP_0367-Viability_Report-681531.pdf
ZZZV0VKBWR904, https://planning.southwark.gov.uk/online-applications/applicationDetails.do?activeTab=documents&keyVal=ZZZV0VKBWR904, https://planning.southwark.gov.uk/online-applications/files/5219374864CFCF45E89FB43C0D56B2AA/pdf/17_AP_0367-Viability_Report-698644.pdf
ZZZV0VKBWR904, https://planning.southwark.gov.uk/online-applications/applicationDetails.do?activeTab=documents&keyVal=ZZZV0VKBWR904, https://planning.southwark.gov.uk/online-applications/files/7753BD206675F943FD1AAC39C5AE6336/pdf/17_AP_0367-Viability_Report-703872.pdf
ZZZV0VKBWR904, https://planning.southwark.gov.uk/online-applications/applicationDetails.do?activeTab=documents&keyVal=ZZZV0VKBWR904, https://planning.southwark.gov.uk/online-applications/files/3A5AD7A580972ED19FA9CDA776CB2287/pdf/17_AP_0367-Viability_Report-713504.pdf
ZZZV0VKBWR904, https://planning.southwark.gov.uk/online-applications/applicationDetails.do?activeTab=documents&keyVal=ZZZV0VKBWR904, https://planning.southwark.gov.uk/online-applications/files/0815586DEBF1B05A8A6E0861C691EB9B/pdf/17_AP_0367-Viability_Report-480188.pdf
ZZZV0WKBWR574, https://planning.southwark.gov.uk/online-applications/applicationDetails.do?activeTab=documents&keyVal=ZZZV0WKBWR574, https://planning.southwark.gov.uk/online-applications/files/C5154312C03E2D32F6B62BB9A5AEC7F1/pdf/16_AP_4458-Viability_Report-509778.pdf
ZZZV0WKBWR574, https://planning.southwark.gov.uk/online-applications/applicationDetails.do?activeTab=documents&keyVal=ZZZV0WKBWR574, https://planning.southwark.gov.uk/online-applications/files/B8E59ACCBE6F018FCDE0BFF1A1B3D96B/pdf/16_AP_4458-Viability_Report-469273.pdf
ZZZV0WKBWR574, https://planning.southwark.gov.uk/online-applications/applicationDetails.do?activeTab=documents&keyVal=ZZZV0WKBWR574, https://planning.southwark.gov.uk/online-applications/files/D6075B2216469590D4DDA6722F9500F5/pdf/16_AP_4458-Viability_Report-480182.pdf
ZZZV0WKBWR574, https://planning.southwark.gov.uk/online-applications/applicationDetails.do?activeTab=documents&keyVal=ZZZV0WKBWR574, https://planning.southwark.gov.uk/online-applications/files/C0B66BB76FCA7ED30F4248648A0CA8F1/pdf/16_AP_4458-Viability_Report-511864.pdf
ZZZV0WKBWR574, https://planning.southwark.gov.uk/online-applications/applicationDetails.do?activeTab=documents&keyVal=ZZZV0WKBWR574, https://planning.southwark.gov.uk/online-applications/files/7A8030AAD4A8BC9627236004479EB1F2/pdf/16_AP_4458-Viability_Report-531766.pdf
ZZZV0WKBWR574, https://planning.southwark.gov.uk/online-applications/applicationDetails.do?activeTab=documents&keyVal=ZZZV0WKBWR574, https://planning.southwark.gov.uk/online-applications/files/D5AB41D7794C11840210F9A718BF744B/pdf/16_AP_4458-Viability_Report-570482.pdf
ZZZV0WKBWR574, https://planning.southwark.gov.uk/online-applications/applicationDetails.do?activeTab=documents&keyVal=ZZZV0WKBWR574, https://planning.southwark.gov.uk/online-applications/files/8ED9DB0FD00484D075D4E0E69DBEC154/pdf/16_AP_4458-Viability_Report-578612.pdf
ZZZV0WKBWR574, https://planning.southwark.gov.uk/online-applications/applicationDetails.do?activeTab=documents&keyVal=ZZZV0WKBWR574, https://planning.southwark.gov.uk/online-applications/files/5CDA36701326615E9E7E055406E3D20E/pdf/16_AP_4458-Viability_Report-586191.pdf
ZZZV0WKBWR574, https://planning.southwark.gov.uk/online-applications/applicationDetails.do?activeTab=documents&keyVal=ZZZV0WKBWR574, https://planning.southwark.gov.uk/online-applications/files/D60D8C897BAB946AEA982006C95561C9/pdf/16_AP_4458-Viability_Report-616554.pdf
ZZZV0WKBWR574, https://planning.southwark.gov.uk/online-applications/applicationDetails.do?activeTab=documents&keyVal=ZZZV0WKBWR574, https://planning.southwark.gov.uk/online-applications/files/4301893D58F173129614A6198CFC5E1D/pdf/16_AP_4458-Viability_Report-650699.pdf
ZZZV0WKBWR574, https://planning.southwark.gov.uk/online-applications/applicationDetails.do?activeTab=documents&keyVal=ZZZV0WKBWR574, https://planning.southwark.gov.uk/online-applications/files/38B3617BBACE15DF5184EA2B08CF4967/pdf/16_AP_4458-Viability_Report-657928.pdf
ZZZV0WKBWR574, https://planning.southwark.gov.uk/online-applications/applicationDetails.do?activeTab=documents&keyVal=ZZZV0WKBWR574, https://planning.southwark.gov.uk/online-applications/files/59E76808EF16FB5019F597775CD9064A/pdf/16_AP_4458-Viability_Report-678111.pdf
ZZZV0WKBWR574, https://planning.southwark.gov.uk/online-applications/applicationDetails.do?activeTab=documents&keyVal=ZZZV0WKBWR574, https://planning.southwark.gov.uk/online-applications/files/E634B83087576A3B6C971A289EEBB17C/pdf/16_AP_4458-Viability_Report-697092.pdf
ZZZV0WKBWR574, https://planning.southwark.gov.uk/online-applications/applicationDetails.do?activeTab=documents&keyVal=ZZZV0WKBWR574, https://planning.southwark.gov.uk/online-applications/files/EDACE90FF2A2D67123B0C9EA816A8FFF/pdf/16_AP_4458-Viability_Report-697922.pdf
ZZZV0WKBWR574, https://planning.southwark.gov.uk/online-applications/applicationDetails.do?activeTab=documents&keyVal=ZZZV0WKBWR574, https://planning.southwark.gov.uk/online-applications/files/25618682E1B20B8FDB65D71F1BEF0909/pdf/16_AP_4458-Viability_Report-712405.pdf
ZZZV0WKBWR574, https://planning.southwark.gov.uk/online-applications/applicationDetails.do?activeTab=documents&keyVal=ZZZV0WKBWR574, https://planning.southwark.gov.uk/online-applications/files/551DD06C6338E93E665FB548D24FFACE/pdf/16_AP_4458-Viability_Report-593018.pdf
ZZZV0XKBWR273, https://planning.southwark.gov.uk/online-applications/applicationDetails.do?activeTab=documents&keyVal=ZZZV0XKBWR273, https://planning.southwark.gov.uk/online-applications/files/BE9D84F7D1270CA79695B4BEA68DB727/pdf/17_AP_3885-Viability_Report-576275.pdf
ZZZV0XKBWR273, https://planning.southwark.gov.uk/online-applications/applicationDetails.do?activeTab=documents&keyVal=ZZZV0XKBWR273, https://planning.southwark.gov.uk/online-applications/files/938F28E7651D50E9CD1CC0AC9FA80ACB/pdf/17_AP_3885-Viability_Report-656782.pdf
ZZZV0XKBWR273, https://planning.southwark.gov.uk/online-applications/applicationDetails.do?activeTab=documents&keyVal=ZZZV0XKBWR273, https://planning.southwark.gov.uk/online-applications/files/3222E4796F5A5EEA9CAE0059BBD573D3/pdf/17_AP_3885-Viability_Report-670166.pdf
ZZZV0XKBWR273, https://planning.southwark.gov.uk/online-applications/applicationDetails.do?activeTab=documents&keyVal=ZZZV0XKBWR273, https://planning.southwark.gov.uk/online-applications/files/A527575B298FBC3D16919721700935D7/pdf/17_AP_3885-Viability_Report-695863.pdf
ZZZV0ZKBWR149, https://planning.southwark.gov.uk/online-applications/applicationDetails.do?activeTab=documents&keyVal=ZZZV0ZKBWR149, https://planning.southwark.gov.uk/online-applications/files/5F6FABD3B8F9EDC068B519FD89CD3963/pdf/16_AP_2456-Viability_Report-562332.pdf
ZZZV10KBWR722, https://planning.southwark.gov.uk/online-applications/applicationDetails.do?activeTab=documents&keyVal=ZZZV10KBWR722, https://planning.southwark.gov.uk/online-applications/files/E375ED66FFFDEF3776011108B5B09C0F/pdf/16_AP_2051-Viability_Report-462953.pdf
ZZZV10KBWR722, https://planning.southwark.gov.uk/online-applications/applicationDetails.do?activeTab=documents&keyVal=ZZZV10KBWR722, https://planning.southwark.gov.uk/online-applications/files/D435196029C3AF1949F673390BFF4206/pdf/16_AP_2051-Viability_Report-497989.pdf
ZZZV10KBWR722, https://planning.southwark.gov.uk/online-applications/applicationDetails.do?activeTab=documents&keyVal=ZZZV10KBWR722, https://planning.southwark.gov.uk/online-applications/files/5080252452E216D38CDCBDF292CC54E3/pdf/16_AP_2051-Viability_Report-507312.pdf
ZZZV10KBWR722, https://planning.southwark.gov.uk/online-applications/applicationDetails.do?activeTab=documents&keyVal=ZZZV10KBWR722, https://planning.southwark.gov.uk/online-applications/files/8BF7646F21A30B7B60D37E19047FE8FF/pdf/16_AP_2051-Viability_Report-525315.pdf
ZZZV10KBWR722, https://planning.southwark.gov.uk/online-applications/applicationDetails.do?activeTab=documents&keyVal=ZZZV10KBWR722, https://planning.southwark.gov.uk/online-applications/files/02EC4FA4A2276E54071A2CF68ED7E017/pdf/16_AP_2051-Viability_Report-525789.pdf
ZZZV10KBWR722, https://planning.southwark.gov.uk/online-applications/applicationDetails.do?activeTab=documents&keyVal=ZZZV10KBWR722, https://planning.southwark.gov.uk/online-applications/files/230C7AA949095A5126732D3B6628A3FD/pdf/16_AP_2051-Viability_Report-537713.pdf
ZZZV10KBWR722, https://planning.southwark.gov.uk/online-applications/applicationDetails.do?activeTab=documents&keyVal=ZZZV10KBWR722, https://planning.southwark.gov.uk/online-applications/files/17DF95588F1E9BABA322389976644AAE/pdf/16_AP_2051-Viability_Report-603526.pdf
ZZZV10KBWR722, https://planning.southwark.gov.uk/online-applications/applicationDetails.do?activeTab=documents&keyVal=ZZZV10KBWR722, https://planning.southwark.gov.uk/online-applications/files/BA5E55A1ED4259F12B6814CC239F1BD9/pdf/16_AP_2051-Viability_Report-605722.pdf
ZZZV10KBWR722, https://planning.southwark.gov.uk/online-applications/applicationDetails.do?activeTab=documents&keyVal=ZZZV10KBWR722, https://planning.southwark.gov.uk/online-applications/files/C639A4BB1F3C6EA1660ED593D7239AB3/pdf/16_AP_2051-Viability_Report-607753.pdf
ZZZV1FKBWR741, https://planning.southwark.gov.uk/online-applications/applicationDetails.do?activeTab=documents&keyVal=ZZZV1FKBWR741, https://planning.southwark.gov.uk/online-applications/files/BE3AFCBFBF706B3A3599E453EE42C0EE/pdf/13_AP_2004-Document-459755.pdf
ZZZV25KBWR439, https://planning.southwark.gov.uk/online-applications/applicationDetails.do?activeTab=documents&keyVal=ZZZV25KBWR439, https://planning.southwark.gov.uk/online-applications/files/00368DB66B56374718A7D4FE39576BB6/pdf/19_AP_1322-Viability_Report-730261.pdf
